{
	"format_version": "1.8.0",
	"animations": {
		"fireologer magic": {
			"animation_length": 1.5,
			"bones": {
				"RightArm": {
					"rotation": {
						"0.0": {
							"vector": [0, 0, 0]
						},
						"0.0417": {
							"vector": [-2.5, 0, 0]
						},
						"0.0833": {
							"vector": [-10, 0, 0]
						},
						"0.375": {
							"vector": [-180, 0, -12.5]
						},
						"0.5": {
							"vector": [-180, 30, -12.5]
						},
						"0.625": {
							"vector": [-155, 30, -12.5]
						},
						"0.75": {
							"vector": [-154.92005, -9.82789, -35.34139]
						},
						"0.8333": {
							"vector": [-180, 0, -12.5]
						},
						"0.9583": {
							"vector": [-180, 30, -12.5]
						},
						"1.0417": {
							"vector": [-155, 30, -12.5]
						},
						"1.125": {
							"vector": [-154.92005, -9.82789, -35.34139]
						},
						"1.2083": {
							"vector": [-180, 0, -12.5]
						},
						"1.2917": {
							"vector": [-180, 30, -12.5]
						},
						"1.3333": {
							"vector": [-154.92005, -9.82789, -35.34139]
						},
						"1.5": {
							"vector": [0, 0, 0]
						}
					}
				},
				"LeftArm": {
					"rotation": {
						"0.0": {
							"vector": [0, 0, 0]
						},
						"0.0417": {
							"vector": [-2.5, 0, 0]
						},
						"0.0833": {
							"vector": [-10, 0, 0]
						},
						"0.375": {
							"vector": [-180.45885, 1.51522, 7.08369]
						},
						"0.5": {
							"vector": [-185.25499, -30.43213, 31.21741]
						},
						"0.625": {
							"vector": [-165.25499, -30.43213, 31.21741]
						},
						"0.75": {
							"vector": [-162.58607, 43.51743, 47.07653]
						},
						"0.8333": {
							"vector": [-180.45885, 1.51522, 7.08369]
						},
						"0.9583": {
							"vector": [-185.25499, -30.43213, 31.21741]
						},
						"1.0417": {
							"vector": [-165.25499, -30.43213, 31.21741]
						},
						"1.125": {
							"vector": [-162.58607, 43.51743, 47.07653]
						},
						"1.2083": {
							"vector": [-180.45885, 1.51522, 7.08369]
						},
						"1.2917": {
							"vector": [-185.25499, -30.43213, 31.21741]
						},
						"1.3333": {
							"vector": [-162.58607, 43.51743, 47.07653]
						},
						"1.5": {
							"vector": [0, 0, 0]
						}
					}
				}
			}
		},
		"animation.fireologer.Magic": {
			"animation_length": 1.91667,
			"bones": {
				"RightArm": {
					"rotation": {
						"0.0": {
							"vector": [0, 0, 0]
						},
						"0.3333": {
							"vector": [-180, 0, 0]
						},
						"0.5833": {
							"vector": [-202.5, -17.5, 0]
						},
						"0.75": {
							"vector": [-181.97005, 12.69802, -12.16752]
						},
						"0.9167": {
							"vector": [-169.51278, -17.28468, -11.13605]
						},
						"1.0833": {
							"vector": [-173.59669, -19.12881, 1.88224]
						},
						"1.2083": {
							"vector": [-202.5, -17.5, 0]
						},
						"1.3333": {
							"vector": [-181.97005, 12.69802, -12.16752]
						},
						"1.4583": {
							"vector": [-169.51278, -17.28468, -11.13605]
						},
						"1.5417": {
							"vector": [-173.59669, -19.12881, 1.88224]
						},
						"1.6667": {
							"vector": [0, 0, 0],
							"easing": "linear"
						}
					}
				},
				"LeftArm": {
					"rotation": {
						"0.0": {
							"vector": [0, 0, 0]
						},
						"0.3333": {
							"vector": [-180, 0, 0]
						},
						"0.5833": {
							"vector": [-205, 20, 0]
						},
						"0.75": {
							"vector": [-186.26188, -9.73752, 13.32015]
						},
						"0.9167": {
							"vector": [-166.32497, 12.63032, 10.86854]
						},
						"1.0833": {
							"vector": [-168.71381, 14.79713, 0.81821]
						},
						"1.2083": {
							"vector": [-205, 20, 0]
						},
						"1.3333": {
							"vector": [-186.26188, -9.73752, 13.32015]
						},
						"1.4583": {
							"vector": [-166.32497, 12.63032, 10.86854]
						},
						"1.5417": {
							"vector": [-168.71381, 14.79713, 0.81821]
						},
						"1.6667": {
							"vector": [0, 0, 0]
						}
					}
				}
			}
		}
	}
}